{
 "documents":  [


{
    "pdf": "cgu_ar.pdf",
    "titre": "الشروط والأحكام العامة لاستخدام حسابات الدفع",
    "file":"cgu_ar.html",
    "articles":[
        { 
            "titre":"الفصل الأول: تعريفات",
            "ancre":"Article1",
            "résumé":"يتم استخدام حساب الدفع حصريا لأداء خدمات الدفع على النحو المحدد في المادتين 2 و17 من المنشور المذكور أعلاه. يمكن فتح الحساب باسم شخص طبيعي أو شخص اعتباري على ألا يحق له إلا فتح حساب واحد مع مؤ "
        },
        { 
            "titre":"الفصل الثاني : الشروط والأحكام العامة لاستعمال حساب دفع",
            "ancre":"Article2",
            "résumé":"الحساب هو حساب دفع بالمعنى المقصود بمنشور البنك المركزي التونسي رقم 16 لسنة 2018 والصادر بتاريخ 31 ديسمبر 2018 "
        },
        { 
            "titre":"الفصل الثالث : التعرف على الحريف والمعطيات المستوجبة",
            "ancre":"Article3",
            "résumé":"امتثالا لمتطلبات منشور البنك المركزي التونسي لمؤسسات الدفع رقم 16 لسنة 2018 والصادر بتاريخ 31 ديسمبر 2018 وعلى وجه الخصوص متطلباته الخاصة بتحديد هوية الحرفاء يجب على الشخص الذي يدعي فتح حساب دفع إثبات هويته ويتعهد بتزويد المؤسسة المصرفية            "
        },
        { 
            "titre":"الفصل الرابع : فتح حساب الدفع",
            "ancre":"Article4",
            "résumé":"للحريف إ مكانات ثلاث و له أ ن يختار منها واحدة كيفما شاء لفتح حساب دفع من الصنف الأول إذ يمكنه استعمال التطبيق المحمول على الهاتف الجوال أو الولوج الى منصة خدمات مؤسسة الدفع عن بُعد أو الاتصال بأحد فروع المؤسسة أو الاتصال بوكيل دفع رئيسي أو ثانوي معتمد لدى مؤسسة الدفع"
        },

        { 
            "titre":"الفصل الخامس : خدمات الدفع المتاحة للحريف",
            "ancre":"Article5",
            "résumé":"توفر مؤسسة الدفع للحريف مساحة آمنة يمكن الوصول إليها عبر الإنترنت باعتماد معرف العبور وكلمة السر التي يتوجب تغييرها عند الاتصال الأول . فمن خلال التطبيق المتاح يمكن للحريف أن يطلع على بيانات وكشوفات حسابه"
        },

        { 
            "titre":"الفصل السادس : شروط التسعيرة المعتمدة لتنفيذ العمليات والخدمات",
            "ancre":"Article6",
            "résumé":"تتضمن الاتفاقية ملحقا به شروط التسعيرة المعتمدة لتنفيذ العمليات والخدمات و يعتبر الملحق جزءا لا يتجزأ من الاتفاقية"
        },
        { 
            "titre":"الفصل السابع : التزامات الطرفين",
            "ancre":"Article7",
            "résumé":"يلتزم الحريف بأن يفتح حسابا واحدا لدى مؤسسة الدفع ويمتنع على فتح أي حساب آخر لديها"
        },
        { 
            "titre":"الفصل الثامن : الوساطة",
            "ancre":"Article8",
            "résumé":"التزام المؤسسة بالانخراط في الجمعية المهنية التونسية للبنوك والمؤسسات المالية قصد تمكين الحريف من الانتفاع بخدمات الوساطة"
        },
        { 
            "titre":"الفصل التاسع : فسخ الاتفاقية",
            "ancre":"Article9",
            "résumé":"يجوز إنهاء العمل بهذه الاتفاقية بمبادرة من صاحب حساب الدفع متى شاء بحيث له أن يرسل الى مؤسسة الدفع رقيما في الغرض بواسطة البريد المسجل مع إقرار بالاستلام"
        },
        { 
            "titre":"الفصل العاشر : الحسابات النائمة أو غير النشيطة",
            "ancre":"Article10",
            "résumé":"يعتبر حساب الدفع غير نشيط ان لم تسجل به على الأقل عملية واحدة مصدرها صاحب الحساب أو وكيله على مدار اثني عشر شهر ا متتابعة"
        },
        { 
            "titre":"الفصل الحادي عشر : حالة القوة القاهرة",
            "ancre":"Article11",
            "résumé":"يندرج أي حدث له خصائص خارجية لا تقاوم ولا يمكن التنبؤ بها في حالة قوة قاهرة"
        },
        { 
            "titre":"الفصل الثاني عشر : محل المخابرة",
            "ancre":"Article12",
            "résumé":"من أجل تنفيذ هذه الاتفاقية، يدلي كل طرف بأن محل مخابرته هو عنوانه المشار اليه أعلاه"
        },
        { 
            "titre":"الفصل الثالث عشر : القانون الذ ي يتم الاحتكام اليه",
            "ancre":"Article13",
            "résumé":"هذه الاتفاقية محكومة بالقانون التونسي"
        },
        { 
            "titre":" ملحق: شروط التسعيرة",
            "ancre":"Annexe",
            "résumé":"يمكن للحريف الاطلاع على شروط التسعيرة كما يلي"
        }




    
    ]
},

{
    "pdf": "pc_ar.pdf",
    "titre": "سياسة سرية حفظ المعطيات",
    "file":"pc_ar.html",
    "articles":[
        { 
            "titre":" المبادئ العامة لجمع البيانات ومعالجتها ",
            "ancre":"Article1",
            "résumé":" ستبذل المؤسسة المصرفية قصارى جهدها لضمان أمن البيانات الشخصية وسريتها لحرفائها بما يتوافق مع القوانين واللوائح المعمول بها وفق المعايير الفنية واستنادا إلى القانون الأساسي عدد 63 لسنة 2004 المؤرخ في 27 جويلية 2004 " 
        },
        { 
            "titre":"  هوية المسؤول عن معالجة البيانات ",
            "ancre":"Article2",
            "résumé":"   مؤسسة الدفع هي شركة خفية الاسم بموجب القانون التونسي ورأس مالها يقدر بخمسة (5) ملايين دينار تونسي كحد أدني ومقرها الرئيسي في"
        },
        { 
            "titre":"  أغراض جمع البيانات الشخصية ومعالجتها",
            "ancre":"Article3",
            "résumé":"   يتم جمع البيانات الشخصية للحرفاء ومعالجتها لأغراض إدارة حسابات الدفع ووسائل الدفع المرتبطة بها"
        },
        { 
            "titre":"  جمع البيانات الشخصية ومعالجتها",
            "ancre":"Article4",
            "résumé":"   بشكل عام ومع الأخذ في الاعتبار مستوى حساب الدفع الذي يطلبه الحريف يخول لمؤسسة الدفع جمع البيانات التالية"
        },

        { 
            "titre":"تقصي المعلومات بخصوص المعاملات المشبوهة",
            "ancre":"Article5",
            "résumé":"   حتي يتسنى لمؤسسة الدفع القيام بواجبها القانوني باعتبارها تحت طائلة العقوبات الجزائية في حالة غسل الأموال و تمويل الإرهاب يوافق الحريف على مد"
        }





    
    ]
},


{
    "show_read_and_approuved":false,
    "disable":true,
    "titre": "أسئلة متواترة حول تطبيق 'مليم' للدفوعات",
    "file":"faq_ar.html",
    "articles":[

        { 
            "titre":"السؤال الأول: كيف تعرف تطبيق 'مليم' للدفوعات",
            "ancre":"Article1",
            "résumé":"تطبيق للدفوعات عبر الهاتف الجوال تقدمها لك مؤسستك المصرفية"
        },
        { 
            "titre":"السؤال الثاني: ما هو حساب الدفع",
            "ancre":"Article2",
            "résumé":"حساب الدفع هو حساب يستخدم حصريا لأداء خدمات الدفع"
        },
        { 
            "titre":"السؤال الثالث: كيف لي أن أكون حريفا  ",
            "ancre":"Article3",
            "résumé":"يمكن تسجيل الحرفاء عن بعد أو بواسطة وكيل دفع أو عبر الاتصال بأحد فروع المؤسسة المصرفية"
        },
        { 
            "titre":"السؤال الرابع: ماهي الخدمات المقدمة",
            "ancre":"Article4",
            "résumé":"يسمح تطبيق 'مليم' بإصدار وتلقي أوامر الدفع من والي حرفاء المؤسسة المصرفية وكذلك"
        },
        { 
            "titre":"السؤال الخامس: كيف يتم تقديم الشكاوى أذا اقتضت الظروف ذلك",
            "ancre":"Article5",
            "résumé":"يسمح تطبيق 'مليم' للحريف بإمكانية تقديم الشكاوى"
        },
        { 
            "titre":"السؤال السادس: ما العمل في حال ضياع أو سرقة الهاتف الجوال",
            "ancre":"Article6",
            "résumé":"تطبيق 'مليم' محصن بكلمتي تسجيل الدخول والمرور ومع ذلك، ففي حال فقدان"
        },
        { 
            "titre":"السؤال السابع: ما العمل في حال تغير الهاتف الجوال",
            "ancre":"Article7",
            "résumé":"يمكن للحريف تحميل وتثبيت تطبيق ’مليم’ على الهاتف الذكي الجديد"
        },
        { 
            "titre":"السؤال الثامن: ما العمل في حال تغير رقم النداء",
            "ancre":"Article8",
            "résumé":"يوفر تطبيق ‘مليم’ للحريف إمكانية تغيير رقم النداء الجوال"
        },
        { 
            "titre":"السؤال التاسع: ما العمل في حال نسيان كلمة العبور",
            "ancre":"Article9",
            "résumé":"أثناء تعمير استمارة التسجيل، يدلي الحريف برقم نداء احتياطي"
        },
        { 
            "titre":"السؤال العاشر: ما العمل في حال غياب الأنترنت",
            "ancre":"Article10",
            "résumé":"من الضروري أن يكون الحريف على اتصال نشط بالأنترنت"
        }




    ]
 }  



 ]

,


"commented":{
    "titre": "أسئلة متواترة",
    "file":"faq_ar.html",
    "articles":[
        { 
            "titre":" المبادئ العامة لجمع البيانات ومعالجتها ",
            "ancre":"Article1",
            "résumé":" ستبذل المؤسسة المصرفية قصارى جهدها لضمان أمن البيانات الشخصية وسريتها لحرفائها بما يتوافق مع القوانين واللوائح المعمول بها وفق المعايير الفنية واستنادا إلى القانون الأساسي عدد 63 لسنة 2004 المؤرخ في 27 جويلية 2004 " 
        },
        { 
            "titre":"  هوية المسؤول عن معالجة البيانات ",
            "ancre":"Article2",
            "résumé":"   مؤسسة الدفع هي شركة خفية الاسم بموجب القانون التونسي ورأس مالها يقدر بخمسة (5) ملايين دينار تونسي كحد أدني ومقرها الرئيسي في"
        },
        { 
            "titre":"  أغراض جمع البيانات الشخصية ومعالجتها",
            "ancre":"Article3",
            "résumé":"   يتم جمع البيانات الشخصية للحرفاء ومعالجتها لأغراض إدارة حسابات الدفع ووسائل الدفع المرتبطة بها"
        },
        { 
            "titre":"  جمع البيانات الشخصية ومعالجتها",
            "ancre":"Article4",
            "résumé":"   بشكل عام ومع الأخذ في الاعتبار مستوى حساب الدفع الذي يطلبه الحريف يخول لمؤسسة الدفع جمع البيانات التالية"
        },

        { 
            "titre":"تقصي المعلومات بخصوص المعاملات المشبوهة",
            "ancre":"Article5",
            "résumé":"   حتي يتسنى لمؤسسة الدفع القيام بواجبها القانوني باعتبارها تحت طائلة العقوبات الجزائية في حالة غسل الأموال و تمويل الإرهاب يوافق الحريف على مد"
        }





    
    ]
}





}